{"cameraMode":{"drawMode":0,"name":"Shaded","section":"Shading Mode"},"sceneLighting":true,"audioPlay":false,"sceneViewState":{"m_AlwaysRefresh":false,"showFog":true,"showSkybox":true,"showFlares":true,"showImageEffects":true,"showParticleSystems":true,"showVisualEffectGraphs":true,"m_FxEnabled":true},"in2DMode":false,"pivot":{"x":-0.19243592023849488,"y":-0.42489099502563479,"z":3.0888915061950685},"rotation":{"x":-0.024183185771107675,"y":0.10089542716741562,"z":-0.0024532517418265344,"w":-0.994601309299469},"size":3.0005130767822267,"orthographic":false}